[
  {
    "id": "d50cd8b0-2375-4342-8bb7-d7a5efc9cbb7",
    "data": [
      {
        "text": "home",
        "alias": "policy-type",
        "meta": "@policy-type",
        "userDefined": false
      },
      {
        "text": " insurance policy",
        "userDefined": false
      }
    ],
    "isTemplate": false,
    "count": 0
  },
  {
    "id": "cace4354-4ab9-410e-a41b-07957eb20a0b",
    "data": [
      {
        "text": "home",
        "alias": "policy-type",
        "meta": "@policy-type",
        "userDefined": false
      },
      {
        "text": " policy",
        "userDefined": false
      }
    ],
    "isTemplate": false,
    "count": 0
  },
  {
    "id": "9cf6eab7-6942-418c-bfa8-b8670d10f649",
    "data": [
      {
        "text": "home",
        "alias": "policy-type",
        "meta": "@policy-type",
        "userDefined": false
      },
      {
        "text": " insurance",
        "userDefined": false
      }
    ],
    "isTemplate": false,
    "count": 0
  }
]