[
  {
    "id": "5cc1c644-a67c-4770-813d-ffeb4c153a4a",
    "data": [
      {
        "text": "life",
        "alias": "policy-type",
        "meta": "@policy-type",
        "userDefined": false
      },
      {
        "text": " insurance policy",
        "userDefined": false
      }
    ],
    "isTemplate": false,
    "count": 0
  },
  {
    "id": "a4bb41b0-8474-4fa5-9010-5c2f00f96d22",
    "data": [
      {
        "text": "life",
        "alias": "policy-type",
        "meta": "@policy-type",
        "userDefined": true
      },
      {
        "text": " policy",
        "userDefined": false
      }
    ],
    "isTemplate": false,
    "count": 0
  },
  {
    "id": "42a7408f-f994-4ac2-b1c4-e365475ce8ea",
    "data": [
      {
        "text": "life",
        "alias": "policy-type",
        "meta": "@policy-type",
        "userDefined": true
      },
      {
        "text": " insurance",
        "userDefined": false
      }
    ],
    "isTemplate": false,
    "count": 0
  }
]