[
  {
    "id": "7d7752ca-fe15-45e0-adbe-51ce22b02635",
    "data": [
      {
        "text": "travel",
        "alias": "policy-type",
        "meta": "@policy-type",
        "userDefined": false
      },
      {
        "text": " insurance policy",
        "userDefined": false
      }
    ],
    "isTemplate": false,
    "count": 1
  },
  {
    "id": "cc2bdace-7d03-4cc0-adac-5a5972babb34",
    "data": [
      {
        "text": "travel",
        "alias": "policy-type",
        "meta": "@policy-type",
        "userDefined": false
      },
      {
        "text": " insurance",
        "userDefined": false
      }
    ],
    "isTemplate": false,
    "count": 0
  },
  {
    "id": "a8f2ad19-bf41-42ee-aa33-828833971469",
    "data": [
      {
        "text": "travel",
        "alias": "policy-type",
        "meta": "@policy-type",
        "userDefined": false
      },
      {
        "text": " policy",
        "userDefined": false
      }
    ],
    "isTemplate": false,
    "count": 0
  }
]