[
  {
    "id": "b4c6d6a0-1132-4ace-8905-831e16cb3de4",
    "data": [
      {
        "text": "my policy",
        "userDefined": false
      }
    ],
    "isTemplate": false,
    "count": 0
  },
  {
    "id": "86f8ef24-a98f-4e12-8420-a4c9a3beb822",
    "data": [
      {
        "text": "look at my policy",
        "userDefined": false
      }
    ],
    "isTemplate": false,
    "count": 0
  },
  {
    "id": "899e2362-4fe2-4ab3-b634-b9f46e7f46fb",
    "data": [
      {
        "text": "what are your policies",
        "userDefined": false
      }
    ],
    "isTemplate": false,
    "count": 0
  },
  {
    "id": "86ce0291-501e-415d-841f-a8cd619afbfa",
    "data": [
      {
        "text": "policies",
        "userDefined": false
      }
    ],
    "isTemplate": false,
    "count": 0
  },
  {
    "id": "4e225a52-8491-4afa-ab29-90fc8cfd9488",
    "data": [
      {
        "text": "policy",
        "userDefined": false
      }
    ],
    "isTemplate": false,
    "count": 0
  },
  {
    "id": "cea7f672-2036-48c5-91ff-9e176ca233f9",
    "data": [
      {
        "text": "show me policies",
        "userDefined": false
      }
    ],
    "isTemplate": false,
    "count": 0
  }
]